BEGIN TRANSACTION;

/* COMPANIES */
SET IDENTITY_INSERT dbo.companies ON;
INSERT INTO dbo.companies (id, name, registered_office, org_number, vat_number, phone_number, mobile_phone_number, email, post_address_1, post_address_2, post_code, post_city, post_country) VALUES (1,'Demoföretaget AB','Demostad','556677-8899','SE556677889901','099888777','0706556677','info@demo.se','Demovägen 12','','99988','Demostad','Demoland');
SET IDENTITY_INSERT dbo.companies OFF;

/* LANGUAGES */
SET IDENTITY_INSERT dbo.languages ON;
INSERT INTO dbo.languages (id, language_code, country_code) VALUES (1,'sv','SE');
INSERT INTO dbo.languages (id, language_code, country_code) VALUES (2,'en','US');
SET IDENTITY_INSERT dbo.languages OFF;
INSERT INTO dbo.languages_detail (language_id, translation_language_id, name) VALUES (1,1,'SE - Svenska');
INSERT INTO dbo.languages_detail (language_id, translation_language_id, name) VALUES (2,1,'US - Engelska');
INSERT INTO dbo.languages_detail (language_id, translation_language_id, name) VALUES (1,2,'SE - Swedish');
INSERT INTO dbo.languages_detail (language_id, translation_language_id, name) VALUES (2,2,'US - English');

/* COUNTRIES */
SET IDENTITY_INSERT dbo.countries ON;
INSERT INTO dbo.countries (id, country_code, vat_code) VALUES (1,'SE',0);
INSERT INTO dbo.countries (id, country_code, vat_code) VALUES (2,'DK',1);
INSERT INTO dbo.countries (id, country_code, vat_code) VALUES (3,'NO',1);
INSERT INTO dbo.countries (id, country_code, vat_code) VALUES (4,'FI',1);
INSERT INTO dbo.countries (id, country_code, vat_code) VALUES (5,'DE',1);
INSERT INTO dbo.countries (id, country_code, vat_code) VALUES (6,'GB',1);
INSERT INTO dbo.countries (id, country_code, vat_code) VALUES (7,'US',1);
SET IDENTITY_INSERT dbo.countries OFF;
INSERT INTO dbo.countries_detail (country_id, language_id, name) VALUES (1,1,'Sverige');
INSERT INTO dbo.countries_detail (country_id, language_id, name) VALUES (2,1,'Danmark');
INSERT INTO dbo.countries_detail (country_id, language_id, name) VALUES (3,1,'Norge');
INSERT INTO dbo.countries_detail (country_id, language_id, name) VALUES (4,1,'Finland');
INSERT INTO dbo.countries_detail (country_id, language_id, name) VALUES (5,1,'Tyskland');
INSERT INTO dbo.countries_detail (country_id, language_id, name) VALUES (6,1,'England');
INSERT INTO dbo.countries_detail (country_id, language_id, name) VALUES (7,1,'USA');
INSERT INTO dbo.countries_detail (country_id, language_id, name) VALUES (1,2,'Sweden');
INSERT INTO dbo.countries_detail (country_id, language_id, name) VALUES (2,2,'Denmark');
INSERT INTO dbo.countries_detail (country_id, language_id, name) VALUES (3,2,'Norway');
INSERT INTO dbo.countries_detail (country_id, language_id, name) VALUES (4,2,'Finland');
INSERT INTO dbo.countries_detail (country_id, language_id, name) VALUES (5,2,'Germany');
INSERT INTO dbo.countries_detail (country_id, language_id, name) VALUES (6,2,'England');
INSERT INTO dbo.countries_detail (country_id, language_id, name) VALUES (7,2,'USA');

/* UNITS */
SET IDENTITY_INSERT dbo.units ON;
INSERT INTO dbo.units (id, unit_code_si, erp_code) VALUES (1,'pce','st');
INSERT INTO dbo.units (id, unit_code_si, erp_code) VALUES (2,'pa','pkt');
INSERT INTO dbo.units (id, unit_code_si, erp_code) VALUES (3,'pr','par');
INSERT INTO dbo.units (id, unit_code_si, erp_code) VALUES (4,'ba','sats');
INSERT INTO dbo.units (id, unit_code_si, erp_code) VALUES (5,'ann','år');
INSERT INTO dbo.units (id, unit_code_si, erp_code) VALUES (6,'bg','pås');
INSERT INTO dbo.units (id, unit_code_si, erp_code) VALUES (7,'bk','krg');
INSERT INTO dbo.units (id, unit_code_si, erp_code) VALUES (8,'bl','bal');
INSERT INTO dbo.units (id, unit_code_si, erp_code) VALUES (9,'bo','fls');
INSERT INTO dbo.units (id, unit_code_si, erp_code) VALUES (10,'bx','box');
INSERT INTO dbo.units (id, unit_code_si, erp_code) VALUES (11,'ca','brk');
INSERT INTO dbo.units (id, unit_code_si, erp_code) VALUES (12,'ct','krt');
INSERT INTO dbo.units (id, unit_code_si, erp_code) VALUES (13,'d','dgr');
INSERT INTO dbo.units (id, unit_code_si, erp_code) VALUES (14,'h','tim');
INSERT INTO dbo.units (id, unit_code_si, erp_code) VALUES (15,'kg','kg');
INSERT INTO dbo.units (id, unit_code_si, erp_code) VALUES (16,'lm','lm');
INSERT INTO dbo.units (id, unit_code_si, erp_code) VALUES (17,'l','l');
INSERT INTO dbo.units (id, unit_code_si, erp_code) VALUES (18,'mon','mån');
INSERT INTO dbo.units (id, unit_code_si, erp_code) VALUES (19,'sqm','kvm');
INSERT INTO dbo.units (id, unit_code_si, erp_code) VALUES (20,'cbm','kbm');
INSERT INTO dbo.units (id, unit_code_si, erp_code) VALUES (21,'m','m');
INSERT INTO dbo.units (id, unit_code_si, erp_code) VALUES (22,'pf','pall');
INSERT INTO dbo.units (id, unit_code_si, erp_code) VALUES (23,'pk','frp');
INSERT INTO dbo.units (id, unit_code_si, erp_code) VALUES (24,'sa','sck');
SET IDENTITY_INSERT dbo.units OFF;
INSERT INTO dbo.units_detail (unit_id, language_id, unit_code, name) VALUES (1,1,'st','Styck');
INSERT INTO dbo.units_detail (unit_id, language_id, unit_code, name) VALUES (2,1,'pkt','Paket');
INSERT INTO dbo.units_detail (unit_id, language_id, unit_code, name) VALUES (3,1,'par','Par');
INSERT INTO dbo.units_detail (unit_id, language_id, unit_code, name) VALUES (4,1,'sats','Satser');
INSERT INTO dbo.units_detail (unit_id, language_id, unit_code, name) VALUES (5,1,'år','År');
INSERT INTO dbo.units_detail (unit_id, language_id, unit_code, name) VALUES (6,1,'pås','Påsar');
INSERT INTO dbo.units_detail (unit_id, language_id, unit_code, name) VALUES (7,1,'korg','Korgar');
INSERT INTO dbo.units_detail (unit_id, language_id, unit_code, name) VALUES (8,1,'bal','Balar');
INSERT INTO dbo.units_detail (unit_id, language_id, unit_code, name) VALUES (9,1,'fls','Flaskor');
INSERT INTO dbo.units_detail (unit_id, language_id, unit_code, name) VALUES (10,1,'box','Boxar');
INSERT INTO dbo.units_detail (unit_id, language_id, unit_code, name) VALUES (11,1,'burk','Burkar');
INSERT INTO dbo.units_detail (unit_id, language_id, unit_code, name) VALUES (12,1,'krt','Kartonger');
INSERT INTO dbo.units_detail (unit_id, language_id, unit_code, name) VALUES (13,1,'dgr','Dagar');
INSERT INTO dbo.units_detail (unit_id, language_id, unit_code, name) VALUES (14,1,'tim','Timmar');
INSERT INTO dbo.units_detail (unit_id, language_id, unit_code, name) VALUES (15,1,'kg','Kilogram');
INSERT INTO dbo.units_detail (unit_id, language_id, unit_code, name) VALUES (16,1,'lm','Löpmeter');
INSERT INTO dbo.units_detail (unit_id, language_id, unit_code, name) VALUES (17,1,'l','Liter');
INSERT INTO dbo.units_detail (unit_id, language_id, unit_code, name) VALUES (18,1,'mån','Månader');
INSERT INTO dbo.units_detail (unit_id, language_id, unit_code, name) VALUES (19,1,'kvm','Kvadratmeter');
INSERT INTO dbo.units_detail (unit_id, language_id, unit_code, name) VALUES (20,1,'kbm','Kubikmeter');
INSERT INTO dbo.units_detail (unit_id, language_id, unit_code, name) VALUES (21,1,'m','Meter');
INSERT INTO dbo.units_detail (unit_id, language_id, unit_code, name) VALUES (22,1,'pall','Pallar');
INSERT INTO dbo.units_detail (unit_id, language_id, unit_code, name) VALUES (23,1,'frp','Förpackningar');
INSERT INTO dbo.units_detail (unit_id, language_id, unit_code, name) VALUES (24,1,'sck','Säckar');
INSERT INTO dbo.units_detail (unit_id, language_id, unit_code, name) VALUES (1,2,'pce','Pieces');
INSERT INTO dbo.units_detail (unit_id, language_id, unit_code, name) VALUES (2,2,'pkt','Packages');
INSERT INTO dbo.units_detail (unit_id, language_id, unit_code, name) VALUES (3,2,'par','Pairs');
INSERT INTO dbo.units_detail (unit_id, language_id, unit_code, name) VALUES (4,2,'bch','Batches');
INSERT INTO dbo.units_detail (unit_id, language_id, unit_code, name) VALUES (5,2,'ann','Years');
INSERT INTO dbo.units_detail (unit_id, language_id, unit_code, name) VALUES (6,2,'bag','Bags');
INSERT INTO dbo.units_detail (unit_id, language_id, unit_code, name) VALUES (7,2,'bsk','Baskets');
INSERT INTO dbo.units_detail (unit_id, language_id, unit_code, name) VALUES (8,2,'bal','Bales');
INSERT INTO dbo.units_detail (unit_id, language_id, unit_code, name) VALUES (9,2,'btl','Bottles');
INSERT INTO dbo.units_detail (unit_id, language_id, unit_code, name) VALUES (10,2,'box','Boxes');
INSERT INTO dbo.units_detail (unit_id, language_id, unit_code, name) VALUES (11,2,'can','Cans');
INSERT INTO dbo.units_detail (unit_id, language_id, unit_code, name) VALUES (12,2,'crt','Cartons');
INSERT INTO dbo.units_detail (unit_id, language_id, unit_code, name) VALUES (13,2,'day','Days');
INSERT INTO dbo.units_detail (unit_id, language_id, unit_code, name) VALUES (14,2,'h','Hours');
INSERT INTO dbo.units_detail (unit_id, language_id, unit_code, name) VALUES (15,2,'kg','Kilogram');
INSERT INTO dbo.units_detail (unit_id, language_id, unit_code, name) VALUES (16,2,'lm','Linear meters');
INSERT INTO dbo.units_detail (unit_id, language_id, unit_code, name) VALUES (17,2,'l','Liters');
INSERT INTO dbo.units_detail (unit_id, language_id, unit_code, name) VALUES (18,2,'mon','Months');
INSERT INTO dbo.units_detail (unit_id, language_id, unit_code, name) VALUES (19,2,'sqm','Square meters');
INSERT INTO dbo.units_detail (unit_id, language_id, unit_code, name) VALUES (20,2,'cbm','Cubic meters');
INSERT INTO dbo.units_detail (unit_id, language_id, unit_code, name) VALUES (21,2,'m','Meters');
INSERT INTO dbo.units_detail (unit_id, language_id, unit_code, name) VALUES (22,2,'pall','Pallets');
INSERT INTO dbo.units_detail (unit_id, language_id, unit_code, name) VALUES (24,2,'sck','Sacks');

/* VALUE ADDED TAXES */
SET IDENTITY_INSERT dbo.value_added_taxes ON;
INSERT INTO dbo.value_added_taxes (id, value) VALUES (1,0.25000);
INSERT INTO dbo.value_added_taxes (id, value) VALUES (2,0.12000);
INSERT INTO dbo.value_added_taxes (id, value) VALUES (3,0.06000);
INSERT INTO dbo.value_added_taxes (id, value) VALUES (4,0.00000);
SET IDENTITY_INSERT dbo.value_added_taxes OFF;

/* CURRENCIES */
INSERT INTO dbo.currencies (currency_code, conversion_rate, currency_base, decimals) VALUES ('SEK',1.000000,1,2);
INSERT INTO dbo.currencies (currency_code, conversion_rate, currency_base, decimals) VALUES ('USD',7.000000,1,2);
INSERT INTO dbo.currencies (currency_code, conversion_rate, currency_base, decimals) VALUES ('EUR',1.000000,1,2);
INSERT INTO dbo.currencies (currency_code, conversion_rate, currency_base, decimals) VALUES ('DKK',120.000000,100,2);
INSERT INTO dbo.currencies (currency_code, conversion_rate, currency_base, decimals) VALUES ('NOK',111.000000,100,2);
INSERT INTO dbo.currencies (currency_code, conversion_rate, currency_base, decimals) VALUES ('JPY',1.000000,1,0);

/* ADMINISTRATORS */
SET IDENTITY_INSERT dbo.administrators ON;
INSERT INTO dbo.administrators (id, admin_user_name, admin_password, admin_role) VALUES (1,'Master','1000:BS3ZEKeB3ZOuI1LL:dSYvveOPOyJgAtKb','Administrator');
SET IDENTITY_INSERT dbo.administrators OFF;

/* WEB DOMAINS */
SET IDENTITY_INSERT dbo.web_domains ON;
INSERT INTO dbo.web_domains (id, webshop_name, domain_name, web_address, country_id, front_end_language, back_end_language, currency, company_id, default_display_view, mobile_display_view, custom_theme_id, prices_includes_vat, analytics_tracking_id, facebook_app_id, facebook_app_secret, google_app_id, google_app_secret) VALUES (1,'Webshop demo','localhost','https://localhost:44301',1,2,2,'SEK',1,1,0,0,0,'','','','','');
SET IDENTITY_INSERT dbo.web_domains OFF;

/* WEBSHOP SETTINGS */
INSERT INTO dbo.webshop_settings (id, value) VALUES ('CONTACT-US-EMAIL','');
INSERT INTO dbo.webshop_settings (id, value) VALUES ('CUSTOMER-SERVICE-EMAIL','');
INSERT INTO dbo.webshop_settings (id, value) VALUES ('ORDER-EMAIL','');
INSERT INTO dbo.webshop_settings (id, value) VALUES ('PAYEX-ACCOUNT-NUMBER','');
INSERT INTO dbo.webshop_settings (id, value) VALUES ('PAYEX-ENCRYPTION-KEY','');
INSERT INTO dbo.webshop_settings (id, value) VALUES ('PAYEX-TEST','true');
INSERT INTO dbo.webshop_settings (id, value) VALUES ('PAYPAL-CLIENT-ID','');
INSERT INTO dbo.webshop_settings (id, value) VALUES ('PAYPAL-CLIENT-SECRET','');
INSERT INTO dbo.webshop_settings (id, value) VALUES ('PAYPAL-MODE','sandbox');
INSERT INTO dbo.webshop_settings (id, value) VALUES ('PAYSON-AGENT-ID','4');
INSERT INTO dbo.webshop_settings (id, value) VALUES ('PAYSON-EMAIL','testagent-1@payson.se');
INSERT INTO dbo.webshop_settings (id, value) VALUES ('PAYSON-MD5-KEY','2acab30d-fe50-426f-90d7-8c60a7eb31d4');
INSERT INTO dbo.webshop_settings (id, value) VALUES ('PAYSON-TEST','true');
INSERT INTO dbo.webshop_settings (id, value) VALUES ('SEND-EMAIL-ADDRESS','');
INSERT INTO dbo.webshop_settings (id, value) VALUES ('SEND-EMAIL-HOST','');
INSERT INTO dbo.webshop_settings (id, value) VALUES ('SEND-EMAIL-PASSWORD','');
INSERT INTO dbo.webshop_settings (id, value) VALUES ('SEND-EMAIL-PORT','');
INSERT INTO dbo.webshop_settings (id, value) VALUES ('SVEA-DK-INVOICE-CLIENT-NUMBER','62008');
INSERT INTO dbo.webshop_settings (id, value) VALUES ('SVEA-DK-PASSWORD','danmarktest2');
INSERT INTO dbo.webshop_settings (id, value) VALUES ('SVEA-DK-USER-NAME','danmarktest2');
INSERT INTO dbo.webshop_settings (id, value) VALUES ('SVEA-FI-INVOICE-CLIENT-NUMBER','26136');
INSERT INTO dbo.webshop_settings (id, value) VALUES ('SVEA-FI-PASSWORD','finlandtest2');
INSERT INTO dbo.webshop_settings (id, value) VALUES ('SVEA-FI-USER-NAME','finlandtest2');
INSERT INTO dbo.webshop_settings (id, value) VALUES ('SVEA-MERCHANT-ID','');
INSERT INTO dbo.webshop_settings (id, value) VALUES ('SVEA-NO-INVOICE-CLIENT-NUMBER','33308');
INSERT INTO dbo.webshop_settings (id, value) VALUES ('SVEA-NO-PASSWORD','norgetest2');
INSERT INTO dbo.webshop_settings (id, value) VALUES ('SVEA-NO-USER-NAME','norgetest2');
INSERT INTO dbo.webshop_settings (id, value) VALUES ('SVEA-SE-INVOICE-CLIENT-NUMBER','79021');
INSERT INTO dbo.webshop_settings (id, value) VALUES ('SVEA-SE-PASSWORD','sverigetest');
INSERT INTO dbo.webshop_settings (id, value) VALUES ('SVEA-SE-USER-NAME','sverigetest');
INSERT INTO dbo.webshop_settings (id, value) VALUES ('SVEA-SECRET-WORD','');
INSERT INTO dbo.webshop_settings (id, value) VALUES ('SVEA-TEST','true');

/* STATIC TEXTS */
INSERT INTO dbo.static_texts (id, language_id, value) VALUES ('accessories',1,'Tillbehör');
INSERT INTO dbo.static_texts (id, language_id, value) VALUES ('account_code',1,'Konteringskod');
INSERT INTO dbo.static_texts (id, language_id, value) VALUES ('add',1,'Lägg till');
INSERT INTO dbo.static_texts (id, language_id, value) VALUES ('add_images',1,'Lägg till bilder');
INSERT INTO dbo.static_texts (id, language_id, value) VALUES ('added',1,'Tillagd');
INSERT INTO dbo.static_texts (id, language_id, value) VALUES ('additional_service',1,'Tilläggstjänst');
INSERT INTO dbo.static_texts (id, language_id, value) VALUES ('additional_services',1,'Tilläggstjänster');
INSERT INTO dbo.static_texts (id, language_id, value) VALUES ('adjust',1,'Justera');
INSERT INTO dbo.static_texts (id, language_id, value) VALUES ('address',1,'Address');
INSERT INTO dbo.static_texts (id, language_id, value) VALUES ('address_information',1,'Adressuppgifter');
INSERT INTO dbo.static_texts (id, language_id, value) VALUES ('admin_role',1,'Roll');
INSERT INTO dbo.static_texts (id, language_id, value) VALUES ('administrator',1,'Administratör');
INSERT INTO dbo.static_texts (id, language_id, value) VALUES ('administrators',1,'Administratörer');
INSERT INTO dbo.static_texts (id, language_id, value) VALUES ('adult',1,'Vuxen');
INSERT INTO dbo.static_texts (id, language_id, value) VALUES ('adult_only',1,'Endast för vuxna');
INSERT INTO dbo.static_texts (id, language_id, value) VALUES ('affiliate_link',1,'Affiliate länk');
INSERT INTO dbo.static_texts (id, language_id, value) VALUES ('affiliate_button_text',1,'Prova gratis!');
INSERT INTO dbo.static_texts (id, language_id, value) VALUES ('age_group',1,'Åldersgrupp');
INSERT INTO dbo.static_texts (id, language_id, value) VALUES ('all',1,'Alla');
INSERT INTO dbo.static_texts (id, language_id, value) VALUES ('amount',1,'Belopp');
INSERT INTO dbo.static_texts (id, language_id, value) VALUES ('analytics_tracking_id',1,'Spårnings-ID analytics');
INSERT INTO dbo.static_texts (id, language_id, value) VALUES ('approve_terms_of_purchase_text',1,'Genom att du skapar en order för det här köpet så godkänner du även våra');
INSERT INTO dbo.static_texts (id, language_id, value) VALUES ('as',1,'Som');
INSERT INTO dbo.static_texts (id, language_id, value) VALUES ('ascending',1,'Stigande');
INSERT INTO dbo.static_texts (id, language_id, value) VALUES ('availability_status',1,'Tillgänglighet');
INSERT INTO dbo.static_texts (id, language_id, value) VALUES ('availability_in_stock',1,'I lager');
INSERT INTO dbo.static_texts (id, language_id, value) VALUES ('availability_out_of_stock',1,'Ej i lager');
INSERT INTO dbo.static_texts (id, language_id, value) VALUES ('availability_to_order',1,'Beställningsvara');
INSERT INTO dbo.static_texts (id, language_id, value) VALUES ('availability_preorder',1,'Förhandsbokning');
INSERT INTO dbo.static_texts (id, language_id, value) VALUES ('availability_date',1,'Tillgänglighetsdatum');
INSERT INTO dbo.static_texts (id, language_id, value) VALUES ('back_end_language',1,'Backendspråk');
INSERT INTO dbo.static_texts (id, language_id, value) VALUES ('background_image',1,'Bakgrundsbild');
INSERT INTO dbo.static_texts (id, language_id, value) VALUES ('bank',1,'Bank');
INSERT INTO dbo.static_texts (id, language_id, value) VALUES ('bank_giro',1,'Bankgiro');
INSERT INTO dbo.static_texts (id, language_id, value) VALUES ('basket',1,'Varukorg');
INSERT INTO dbo.static_texts (id, language_id, value) VALUES ('bic',1,'Bic');
INSERT INTO dbo.static_texts (id, language_id, value) VALUES ('big',1,'Stor');
INSERT INTO dbo.static_texts (id, language_id, value) VALUES ('big_and_tall',1,'Stor och lång');
INSERT INTO dbo.static_texts (id, language_id, value) VALUES ('brand',1,'Varumärke');
INSERT INTO dbo.static_texts (id, language_id, value) VALUES ('bundle_structure',1,'Paketstruktur');
INSERT INTO dbo.static_texts (id, language_id, value) VALUES ('buy',1,'Köp');
INSERT INTO dbo.static_texts (id, language_id, value) VALUES ('buys',1,'Köp');
INSERT INTO dbo.static_texts (id, language_id, value) VALUES ('campaign',1,'Kampanj');
INSERT INTO dbo.static_texts (id, language_id, value) VALUES ('campaigns',1,'Kampanjer');
INSERT INTO dbo.static_texts (id, language_id, value) VALUES ('cancel',1,'Avbryt');
INSERT INTO dbo.static_texts (id, language_id, value) VALUES ('card_payment',1,'Kortbetalning');
INSERT INTO dbo.static_texts (id, language_id, value) VALUES ('categories',1,'Kategorier');
INSERT INTO dbo.static_texts (id, language_id, value) VALUES ('category',1,'Kategori');
INSERT INTO dbo.static_texts (id, language_id, value) VALUES ('change_frequency',1,'Förändringsfrekvens');
INSERT INTO dbo.static_texts (id, language_id, value) VALUES ('check_out',1,'Kassan');
INSERT INTO dbo.static_texts (id, language_id, value) VALUES ('city',1,'Stad');
INSERT INTO dbo.static_texts (id, language_id, value) VALUES ('clear',1,'Rensa');
INSERT INTO dbo.static_texts (id, language_id, value) VALUES ('comment',1,'Kommentar');
INSERT INTO dbo.static_texts (id, language_id, value) VALUES ('company',1,'Företag');
INSERT INTO dbo.static_texts (id, language_id, value) VALUES ('companies',1,'Företag');
INSERT INTO dbo.static_texts (id, language_id, value) VALUES ('comparison_price',1,'Jämförelsepris');
INSERT INTO dbo.static_texts (id, language_id, value) VALUES ('condition',1,'Skick');
INSERT INTO dbo.static_texts (id, language_id, value) VALUES ('confirm_order',1,'Bekräfta order');
INSERT INTO dbo.static_texts (id, language_id, value) VALUES ('connect',1,'Anslut');
INSERT INTO dbo.static_texts (id, language_id, value) VALUES ('connected_to',1,'Kopplad till');
INSERT INTO dbo.static_texts (id, language_id, value) VALUES ('contact_us',1,'Kontakta oss');
INSERT INTO dbo.static_texts (id, language_id, value) VALUES ('conversion_rate',1,'Valutakurs');
INSERT INTO dbo.static_texts (id, language_id, value) VALUES ('copy_invoice_address',1,'Kopiera fakturaadress');
INSERT INTO dbo.static_texts (id, language_id, value) VALUES ('copyright_information',1,'&copy; 2013');
INSERT INTO dbo.static_texts (id, language_id, value) VALUES ('countries',1,'Länder');
INSERT INTO dbo.static_texts (id, language_id, value) VALUES ('country',1,'Land');
INSERT INTO dbo.static_texts (id, language_id, value) VALUES ('country_code',1,'Landskod (ISO 3166-1)');
INSERT INTO dbo.static_texts (id, language_id, value) VALUES ('country_code_short',1,'Landskod');
INSERT INTO dbo.static_texts (id, language_id, value) VALUES ('create_order',1,'Skapa order');
INSERT INTO dbo.static_texts (id, language_id, value) VALUES ('currencies',1,'Valutor');
INSERT INTO dbo.static_texts (id, language_id, value) VALUES ('currency',1,'Valuta');
INSERT INTO dbo.static_texts (id, language_id, value) VALUES ('currency_base',1,'Valutakursbas');
INSERT INTO dbo.static_texts (id, language_id, value) VALUES ('currency_code',1,'Valutakod');
INSERT INTO dbo.static_texts (id, language_id, value) VALUES ('custom_design',1,'Egen design');
INSERT INTO dbo.static_texts (id, language_id, value) VALUES ('custom_images',1,'Egna bilder');
INSERT INTO dbo.static_texts (id, language_id, value) VALUES ('customer',1,'Kund');
INSERT INTO dbo.static_texts (id, language_id, value) VALUES ('customer_service',1,'Kundtjänst');
INSERT INTO dbo.static_texts (id, language_id, value) VALUES ('customer_type',1,'Kundtyp');
INSERT INTO dbo.static_texts (id, language_id, value) VALUES ('customers',1,'Kunder');
INSERT INTO dbo.static_texts (id, language_id, value) VALUES ('date',1,'Datum');
INSERT INTO dbo.static_texts (id, language_id, value) VALUES ('day',1,'Dag');
INSERT INTO dbo.static_texts (id, language_id, value) VALUES ('default',1,'Standard');
INSERT INTO dbo.static_texts (id, language_id, value) VALUES ('default_display_view',1,'Standardvy');
INSERT INTO dbo.static_texts (id, language_id, value) VALUES ('delete',1,'Radera');
INSERT INTO dbo.static_texts (id, language_id, value) VALUES ('delivered',1,'Levererad');
INSERT INTO dbo.static_texts (id, language_id, value) VALUES ('delivery_address',1,'Leveransadress');
INSERT INTO dbo.static_texts (id, language_id, value) VALUES ('delivery_time',1,'Leveranstid');
INSERT INTO dbo.static_texts (id, language_id, value) VALUES ('descending',1,'Fallande');
INSERT INTO dbo.static_texts (id, language_id, value) VALUES ('description',1,'Beskrivning');
INSERT INTO dbo.static_texts (id, language_id, value) VALUES ('design',1,'Design');
INSERT INTO dbo.static_texts (id, language_id, value) VALUES ('desired_date_of_delivery',1,'Önskat leveransdatum');
INSERT INTO dbo.static_texts (id, language_id, value) VALUES ('document_type',1,'Typ av dokument');
INSERT INTO dbo.static_texts (id, language_id, value) VALUES ('domain',1,'Domän');
INSERT INTO dbo.static_texts (id, language_id, value) VALUES ('domain_name',1,'Domännamn');
INSERT INTO dbo.static_texts (id, language_id, value) VALUES ('domains',1,'Domäner');
INSERT INTO dbo.static_texts (id, language_id, value) VALUES ('download',1,'Ladda ned');
INSERT INTO dbo.static_texts (id, language_id, value) VALUES ('downloadable_files',1,'Nedladdningsbara filer');
INSERT INTO dbo.static_texts (id, language_id, value) VALUES ('edit',1,'Ändra');
INSERT INTO dbo.static_texts (id, language_id, value) VALUES ('email',1,'E-post');
INSERT INTO dbo.static_texts (id, language_id, value) VALUES ('energy_efficiency_class',1,'Energiklass');
INSERT INTO dbo.static_texts (id, language_id, value) VALUES ('environment_images_title',1,'Miljöbilder');
INSERT INTO dbo.static_texts (id, language_id, value) VALUES ('erp_code',1,'Erp-kod');
INSERT INTO dbo.static_texts (id, language_id, value) VALUES ('error_404',1,'Felsida: 404');
INSERT INTO dbo.static_texts (id, language_id, value) VALUES ('error_cart_empty',1,'Din varukorg är tom!');
INSERT INTO dbo.static_texts (id, language_id, value) VALUES ('error_customer_exists',1,'Det finns ingen kund som matchar angivna uppgifter!');
INSERT INTO dbo.static_texts (id, language_id, value) VALUES ('error_domain_name',1,'Domännamnet får inte inkludera http://, https:// eller www. och får inte vara mer än 100 tecken!');
INSERT INTO dbo.static_texts (id, language_id, value) VALUES ('error_email_unique',1,'Angiven e-post finns redan sparad i databasen, ange en annan address!');
INSERT INTO dbo.static_texts (id, language_id, value) VALUES ('error_email_valid',1,'Angiven e-post är inte en giltig adress!');
INSERT INTO dbo.static_texts (id, language_id, value) VALUES ('error_field_bad_chars',1,'{0}: består av felaktiga tecken!');
INSERT INTO dbo.static_texts (id, language_id, value) VALUES ('error_field_certain_length',1,'{0}: måste bestå av minst {1} tecken och maximalt av {2} tecken!');
INSERT INTO dbo.static_texts (id, language_id, value) VALUES ('error_field_language_unique',1,'{0}: måste vara unikt för det valda språket!');
INSERT INTO dbo.static_texts (id, language_id, value) VALUES ('error_field_length',1,'{0}: får maximalt bestå av {1} tecken!');
INSERT INTO dbo.static_texts (id, language_id, value) VALUES ('error_field_range',1,'{0}: måste vara minst 0 och mindre än {1}!');
INSERT INTO dbo.static_texts (id, language_id, value) VALUES ('error_field_required',1,'{0}: måste anges!');
INSERT INTO dbo.static_texts (id, language_id, value) VALUES ('error_field_unique',1,'{0}: måste vara unikt!');
INSERT INTO dbo.static_texts (id, language_id, value) VALUES ('error_general',1,'Felsida: generellt fel');
INSERT INTO dbo.static_texts (id, language_id, value) VALUES ('error_invalid_input',1,'Felsida: otillåten indata');
INSERT INTO dbo.static_texts (id, language_id, value) VALUES ('error_login',1,'Du har skrivit in fel användarnamn och/eller lösenord!');
INSERT INTO dbo.static_texts (id, language_id, value) VALUES ('error_no_payment_option',1,'Du har inte valt ett betalsätt!');
INSERT INTO dbo.static_texts (id, language_id, value) VALUES ('error_select_value',1,'Du måste välja {0}!');
INSERT INTO dbo.static_texts (id, language_id, value) VALUES ('error_send_email',1,'Det går tyvärr inte att skicka e-post just nu!');
INSERT INTO dbo.static_texts (id, language_id, value) VALUES ('excluding_vat',1,'Exkl. moms');
INSERT INTO dbo.static_texts (id, language_id, value) VALUES ('export_email_addresses',1,'Exportera e-postaddresser');
INSERT INTO dbo.static_texts (id, language_id, value) VALUES ('export_to_zip',1,'Exportera alla filer till en zip-fil');
INSERT INTO dbo.static_texts (id, language_id, value) VALUES ('exported_to_erp',1,'Exporterad till ekonomiprogram');
INSERT INTO dbo.static_texts (id, language_id, value) VALUES ('extras',1,'Extramaterial');
INSERT INTO dbo.static_texts (id, language_id, value) VALUES ('facts',1,'Fakta');
INSERT INTO dbo.static_texts (id, language_id, value) VALUES ('fee',1,'Avgift');
INSERT INTO dbo.static_texts (id, language_id, value) VALUES ('female',1,'Kvinna');
INSERT INTO dbo.static_texts (id, language_id, value) VALUES ('file_name',1,'Filnamn');
INSERT INTO dbo.static_texts (id, language_id, value) VALUES ('files',1,'Filer');
INSERT INTO dbo.static_texts (id, language_id, value) VALUES ('filter',1,'Filtrera');
INSERT INTO dbo.static_texts (id, language_id, value) VALUES ('forgot',1,'Glömt');
INSERT INTO dbo.static_texts (id, language_id, value) VALUES ('freight',1,'Frakt');
INSERT INTO dbo.static_texts (id, language_id, value) VALUES ('freight_addition',1,'Frakttillägg');
INSERT INTO dbo.static_texts (id, language_id, value) VALUES ('freight_prices',1,'Fraktpriser');
INSERT INTO dbo.static_texts (id, language_id, value) VALUES ('from',1,'Från');
INSERT INTO dbo.static_texts (id, language_id, value) VALUES ('from_short',1,'Fr.');
INSERT INTO dbo.static_texts (id, language_id, value) VALUES ('front_end_language',1,'Frontendspråk');
INSERT INTO dbo.static_texts (id, language_id, value) VALUES ('get',1,'Hämta');
INSERT INTO dbo.static_texts (id, language_id, value) VALUES ('gender',1,'Kön');
INSERT INTO dbo.static_texts (id, language_id, value) VALUES ('google_category',1,'Google kategori');
INSERT INTO dbo.static_texts (id, language_id, value) VALUES ('google_name',1,'Googlenamn');
INSERT INTO dbo.static_texts (id, language_id, value) VALUES ('gtin',1,'Gtin');
INSERT INTO dbo.static_texts (id, language_id, value) VALUES ('i_want_newsletter',1,'Ja  tack, till nyhetsbrev och andra erbjudanden.');
INSERT INTO dbo.static_texts (id, language_id, value) VALUES ('iban',1,'Iban');
INSERT INTO dbo.static_texts (id, language_id, value) VALUES ('icon',1,'Ikon');
INSERT INTO dbo.static_texts (id, language_id, value) VALUES ('id',1,'Id');
INSERT INTO dbo.static_texts (id, language_id, value) VALUES ('image',1,'Bild');
INSERT INTO dbo.static_texts (id, language_id, value) VALUES ('images',1,'Bilder');
INSERT INTO dbo.static_texts (id, language_id, value) VALUES ('import_from_zip',1,'Importera från zip-fil');
INSERT INTO dbo.static_texts (id, language_id, value) VALUES ('inactive',1,'Inaktiverad');
INSERT INTO dbo.static_texts (id, language_id, value) VALUES ('including_vat',1,'Inkl. moms');
INSERT INTO dbo.static_texts (id, language_id, value) VALUES ('information',1,'Information');
INSERT INTO dbo.static_texts (id, language_id, value) VALUES ('invoice_address',1,'Fakturaadress');
INSERT INTO dbo.static_texts (id, language_id, value) VALUES ('keywords',1,'Nyckelord');
INSERT INTO dbo.static_texts (id, language_id, value) VALUES ('kids',1,'Barn');
INSERT INTO dbo.static_texts (id, language_id, value) VALUES ('language',1,'Språk');
INSERT INTO dbo.static_texts (id, language_id, value) VALUES ('language_code',1,'Språkkod (ISO 639-1)');
INSERT INTO dbo.static_texts (id, language_id, value) VALUES ('language_code_short',1,'Språkkod');
INSERT INTO dbo.static_texts (id, language_id, value) VALUES ('languages',1,'Språk');
INSERT INTO dbo.static_texts (id, language_id, value) VALUES ('linkname',1,'Länknamn');
INSERT INTO dbo.static_texts (id, language_id, value) VALUES ('list',1,'Lista');
INSERT INTO dbo.static_texts (id, language_id, value) VALUES ('log_in',1,'Logga in');
INSERT INTO dbo.static_texts (id, language_id, value) VALUES ('log_out',1,'Logga ut');
INSERT INTO dbo.static_texts (id, language_id, value) VALUES ('logotype',1,'Logotype');
INSERT INTO dbo.static_texts (id, language_id, value) VALUES ('main_category',1,'Huvudkategori');
INSERT INTO dbo.static_texts (id, language_id, value) VALUES ('male',1,'Man');
INSERT INTO dbo.static_texts (id, language_id, value) VALUES ('main_image',1,'Huvudbild');
INSERT INTO dbo.static_texts (id, language_id, value) VALUES ('manufacturer_code',1,'Tillverkarens art. nr');
INSERT INTO dbo.static_texts (id, language_id, value) VALUES ('marketing',1,'Marknadsföring');
INSERT INTO dbo.static_texts (id, language_id, value) VALUES ('maternity',1,'Mammakläder');
INSERT INTO dbo.static_texts (id, language_id, value) VALUES ('menu',1,'Meny');
INSERT INTO dbo.static_texts (id, language_id, value) VALUES ('message',1,'Meddelande');
INSERT INTO dbo.static_texts (id, language_id, value) VALUES ('message_box_message_1',1,'Du har inte behörighet att utföra den här åtgärden.');
INSERT INTO dbo.static_texts (id, language_id, value) VALUES ('message_box_message_2',1,'Är du säker på att du vill ta bort den här posten och alla poster som är kopplade till den här posten?');
INSERT INTO dbo.static_texts (id, language_id, value) VALUES ('message_box_message_3',1,'Uppladdad(e) bild(er) har en felaktig filändelse, tillåtna filändelser är jpeg och jpg.');
INSERT INTO dbo.static_texts (id, language_id, value) VALUES ('message_box_message_4',1,'Uppladdad(e) bild(er) har en total storlek som överstiger det tillåtna maxvärdet. Komprimera bilden eller ladda upp bilderna styckvis.');
INSERT INTO dbo.static_texts (id, language_id, value) VALUES ('message_box_message_5',1,'Den post som du försökte ta bort kan inte tas bort. Det här beror på att det finns referenser till posten i en eller flera tabeller i databasen.');
INSERT INTO dbo.static_texts (id, language_id, value) VALUES ('message_box_title_1',1,'Behörighet');
INSERT INTO dbo.static_texts (id, language_id, value) VALUES ('message_box_title_2',1,'Ta bort post');
INSERT INTO dbo.static_texts (id, language_id, value) VALUES ('message_box_title_3',1,'Bilduppladdning');
INSERT INTO dbo.static_texts (id, language_id, value) VALUES ('message_box_title_4',1,'Bilduppladdning');
INSERT INTO dbo.static_texts (id, language_id, value) VALUES ('message_box_title_5',1,'Försök att ta bort post');
INSERT INTO dbo.static_texts (id, language_id, value) VALUES ('meta_description',1,'Metabeskrivning');
INSERT INTO dbo.static_texts (id, language_id, value) VALUES ('mobile',1,'Mobil');
INSERT INTO dbo.static_texts (id, language_id, value) VALUES ('mobile_display_view',1,'Mobil standardvy');
INSERT INTO dbo.static_texts (id, language_id, value) VALUES ('mobile_phone_number',1,'Mobiltelefon');
INSERT INTO dbo.static_texts (id, language_id, value) VALUES ('month',1,'Månad');
INSERT INTO dbo.static_texts (id, language_id, value) VALUES ('mount_time_hours',1,'Monteringstid (tim)');
INSERT INTO dbo.static_texts (id, language_id, value) VALUES ('mpn_suffix',1,'Mpn-suffix');
INSERT INTO dbo.static_texts (id, language_id, value) VALUES ('my_pages',1,'Mina sidor');
INSERT INTO dbo.static_texts (id, language_id, value) VALUES ('name',1,'Namn');
INSERT INTO dbo.static_texts (id, language_id, value) VALUES ('new',1,'Ny');
INSERT INTO dbo.static_texts (id, language_id, value) VALUES ('newsletter',1,'Nyhetsbrev');
INSERT INTO dbo.static_texts (id, language_id, value) VALUES ('newsletters',1,'Nyhetsbrev');
INSERT INTO dbo.static_texts (id, language_id, value) VALUES ('no_additional_services_available',1,'Inga tilläggstjänster är tillgängliga');
INSERT INTO dbo.static_texts (id, language_id, value) VALUES ('no_choice',1,'Inget val');
INSERT INTO dbo.static_texts (id, language_id, value) VALUES ('no_connection',1,'Ingen koppling');
INSERT INTO dbo.static_texts (id, language_id, value) VALUES ('no_payment_options_available',1,'Inga tillgängliga betalsätt');
INSERT INTO dbo.static_texts (id, language_id, value) VALUES ('not',1,'Ej');
INSERT INTO dbo.static_texts (id, language_id, value) VALUES ('number',1,'Nummer');
INSERT INTO dbo.static_texts (id, language_id, value) VALUES ('number_of_decimals',1,'Decimaler (ISO 4217)');
INSERT INTO dbo.static_texts (id, language_id, value) VALUES ('of',1,'Av');
INSERT INTO dbo.static_texts (id, language_id, value) VALUES ('ok',1,'Ok');
INSERT INTO dbo.static_texts (id, language_id, value) VALUES ('on',1,'På');
INSERT INTO dbo.static_texts (id, language_id, value) VALUES ('order',1,'Order');
INSERT INTO dbo.static_texts (id, language_id, value) VALUES ('order_confirmation',1,'Orderbekräftelse');
INSERT INTO dbo.static_texts (id, language_id, value) VALUES ('order_date',1,'Orderdatum');
INSERT INTO dbo.static_texts (id, language_id, value) VALUES ('order_number',1,'Ordernummer');
INSERT INTO dbo.static_texts (id, language_id, value) VALUES ('order_statistics',1,'Orderstatistik');
INSERT INTO dbo.static_texts (id, language_id, value) VALUES ('order_status_pending',1,'Behandlas');
INSERT INTO dbo.static_texts (id, language_id, value) VALUES ('order_status_cancelled',1,'Makulerad');
INSERT INTO dbo.static_texts (id, language_id, value) VALUES ('order_status_delivered',1,'Levererad');
INSERT INTO dbo.static_texts (id, language_id, value) VALUES ('orders',1,'Ordrar');
INSERT INTO dbo.static_texts (id, language_id, value) VALUES ('org_number_short',1,'Org. nummer');
INSERT INTO dbo.static_texts (id, language_id, value) VALUES ('organization_number',1,'Organisationsnummer');
INSERT INTO dbo.static_texts (id, language_id, value) VALUES ('org_person_number',1,'Org-/personnummer');
INSERT INTO dbo.static_texts (id, language_id, value) VALUES ('other_product_images_title',1,'Extra produktbilder');
INSERT INTO dbo.static_texts (id, language_id, value) VALUES ('other_settings',1,'Andra inställningar');
INSERT INTO dbo.static_texts (id, language_id, value) VALUES ('page',1,'Sida');
INSERT INTO dbo.static_texts (id, language_id, value) VALUES ('page_name',1,'Sidnamn');
INSERT INTO dbo.static_texts (id, language_id, value) VALUES ('page_views',1,'Sidvisningar');
INSERT INTO dbo.static_texts (id, language_id, value) VALUES ('pages',1,'Sidor');
INSERT INTO dbo.static_texts (id, language_id, value) VALUES ('parent',1,'Överordnad');
INSERT INTO dbo.static_texts (id, language_id, value) VALUES ('password',1,'Lösenord');
INSERT INTO dbo.static_texts (id, language_id, value) VALUES ('path',1,'Sökväg');
INSERT INTO dbo.static_texts (id, language_id, value) VALUES ('pay',1,'Betala');
INSERT INTO dbo.static_texts (id, language_id, value) VALUES ('payex_creditcard',1,'PayEx, kortbetalning');
INSERT INTO dbo.static_texts (id, language_id, value) VALUES ('payex_direct_bank',1,'PayEx, direktbetalning');
INSERT INTO dbo.static_texts (id, language_id, value) VALUES ('payex_invoice',1,'PayEx, faktura');
INSERT INTO dbo.static_texts (id, language_id, value) VALUES ('payex_wywallet',1,'PayEx, wywallet');
INSERT INTO dbo.static_texts (id, language_id, value) VALUES ('payment_option',1,'Betalsätt');
INSERT INTO dbo.static_texts (id, language_id, value) VALUES ('payment_options',1,'Betalsätt');
INSERT INTO dbo.static_texts (id, language_id, value) VALUES ('payment_status',1,'Betalstatus');
INSERT INTO dbo.static_texts (id, language_id, value) VALUES ('payment_status_pending',1,'Avvaktas');
INSERT INTO dbo.static_texts (id, language_id, value) VALUES ('payment_status_invoice_approved',1,'Godkänd för faktura');
INSERT INTO dbo.static_texts (id, language_id, value) VALUES ('payment_status_invoice_not_approved',1,'Ej godkänd för faktura');
INSERT INTO dbo.static_texts (id, language_id, value) VALUES ('payment_status_paid',1,'Betald');
INSERT INTO dbo.static_texts (id, language_id, value) VALUES ('payment_term_code',1,'Villkorskod');
INSERT INTO dbo.static_texts (id, language_id, value) VALUES ('paypal',1,'PayPal');
INSERT INTO dbo.static_texts (id, language_id, value) VALUES ('payson_direct',1,'Payson direkt');
INSERT INTO dbo.static_texts (id, language_id, value) VALUES ('payson_invoice',1,'Payson faktura');
INSERT INTO dbo.static_texts (id, language_id, value) VALUES ('percent',1,'Procent');
INSERT INTO dbo.static_texts (id, language_id, value) VALUES ('period',1,'Period');
INSERT INTO dbo.static_texts (id, language_id, value) VALUES ('person_number',1,'Personnummer');
INSERT INTO dbo.static_texts (id, language_id, value) VALUES ('petite',1,'Små storlekar');
INSERT INTO dbo.static_texts (id, language_id, value) VALUES ('phone_number',1,'Telefon');
INSERT INTO dbo.static_texts (id, language_id, value) VALUES ('plus',1,'Plus');
INSERT INTO dbo.static_texts (id, language_id, value) VALUES ('post_code',1,'Postkod');
INSERT INTO dbo.static_texts (id, language_id, value) VALUES ('preview',1,'Förhandsgranska');
INSERT INTO dbo.static_texts (id, language_id, value) VALUES ('price',1,'Pris');
INSERT INTO dbo.static_texts (id, language_id, value) VALUES ('price_addition',1,'Pristillägg');
INSERT INTO dbo.static_texts (id, language_id, value) VALUES ('price_based_on_mount_time',1,'Priset baseras på monteringstid');
INSERT INTO dbo.static_texts (id, language_id, value) VALUES ('prices',1,'Priser');
INSERT INTO dbo.static_texts (id, language_id, value) VALUES ('print',1,'Skriv ut');
INSERT INTO dbo.static_texts (id, language_id, value) VALUES ('priority',1,'Prioritet');
INSERT INTO dbo.static_texts (id, language_id, value) VALUES ('private_person',1,'Privatperson');
INSERT INTO dbo.static_texts (id, language_id, value) VALUES ('product',1,'Produkt');
INSERT INTO dbo.static_texts (id, language_id, value) VALUES ('product_code',1,'Artikelnummer');
INSERT INTO dbo.static_texts (id, language_id, value) VALUES ('product_code_short',1,'Art. nr');
INSERT INTO dbo.static_texts (id, language_id, value) VALUES ('product_options',1,'Produktval');
INSERT INTO dbo.static_texts (id, language_id, value) VALUES ('product_suffix',1,'Produktsuffix');
INSERT INTO dbo.static_texts (id, language_id, value) VALUES ('products',1,'Produkter');
INSERT INTO dbo.static_texts (id, language_id, value) VALUES ('quantity',1,'Antal');
INSERT INTO dbo.static_texts (id, language_id, value) VALUES ('rating',1,'Betyg');
INSERT INTO dbo.static_texts (id, language_id, value) VALUES ('reference',1,'Kontakt');
INSERT INTO dbo.static_texts (id, language_id, value) VALUES ('refurbished',1,'Renoverad');
INSERT INTO dbo.static_texts (id, language_id, value) VALUES ('register_as',1,'Registrera dig som');
INSERT INTO dbo.static_texts (id, language_id, value) VALUES ('registered_office',1,'Säte');
INSERT INTO dbo.static_texts (id, language_id, value) VALUES ('regular',1,'Normal');
INSERT INTO dbo.static_texts (id, language_id, value) VALUES ('request',1,'Förfrågan');
INSERT INTO dbo.static_texts (id, language_id, value) VALUES ('reserve',1,'Boka');
INSERT INTO dbo.static_texts (id, language_id, value) VALUES ('restore_to_default',1,'Återställ till standard');
INSERT INTO dbo.static_texts (id, language_id, value) VALUES ('review',1,'Recension');
INSERT INTO dbo.static_texts (id, language_id, value) VALUES ('reviews',1,'Recensioner');
INSERT INTO dbo.static_texts (id, language_id, value) VALUES ('rounding',1,'Öresavrundning');
INSERT INTO dbo.static_texts (id, language_id, value) VALUES ('save',1,'Spara');
INSERT INTO dbo.static_texts (id, language_id, value) VALUES ('search',1,'Sök');
INSERT INTO dbo.static_texts (id, language_id, value) VALUES ('search_result',1,'Sökresultat');
INSERT INTO dbo.static_texts (id, language_id, value) VALUES ('send',1,'Skicka');
INSERT INTO dbo.static_texts (id, language_id, value) VALUES ('sent',1,'Skickat');
INSERT INTO dbo.static_texts (id, language_id, value) VALUES ('settings',1,'Inställningar');
INSERT INTO dbo.static_texts (id, language_id, value) VALUES ('shopping_cart',1,'Varukorg');
INSERT INTO dbo.static_texts (id, language_id, value) VALUES ('show',1,'Visa');
INSERT INTO dbo.static_texts (id, language_id, value) VALUES ('sitemap',1,'Webbplatskarta');
INSERT INTO dbo.static_texts (id, language_id, value) VALUES ('size_system',1,'Storlekssystem');
INSERT INTO dbo.static_texts (id, language_id, value) VALUES ('size_type',1,'Storlekstyp');
INSERT INTO dbo.static_texts (id, language_id, value) VALUES ('small',1,'Liten');
INSERT INTO dbo.static_texts (id, language_id, value) VALUES ('sort',1,'Sortera');
INSERT INTO dbo.static_texts (id, language_id, value) VALUES ('standard',1,'Standard');
INSERT INTO dbo.static_texts (id, language_id, value) VALUES ('start_page',1,'Startsidan');
INSERT INTO dbo.static_texts (id, language_id, value) VALUES ('static_page',1,'Statisk sida');
INSERT INTO dbo.static_texts (id, language_id, value) VALUES ('static_pages',1,'Statiska sidor');
INSERT INTO dbo.static_texts (id, language_id, value) VALUES ('static_text',1,'Statisk text');
INSERT INTO dbo.static_texts (id, language_id, value) VALUES ('static_texts',1,'Statiska texter');
INSERT INTO dbo.static_texts (id, language_id, value) VALUES ('status',1,'Status');
INSERT INTO dbo.static_texts (id, language_id, value) VALUES ('sum',1,'Summa');
INSERT INTO dbo.static_texts (id, language_id, value) VALUES ('supplier_erp_id',1,'Leverantörsnummer (erp)');
INSERT INTO dbo.static_texts (id, language_id, value) VALUES ('svea_card_payment',1,'Svea visa/mastercard');
INSERT INTO dbo.static_texts (id, language_id, value) VALUES ('svea_invoice',1,'Svea faktura');
INSERT INTO dbo.static_texts (id, language_id, value) VALUES ('template',1,'Mall');
INSERT INTO dbo.static_texts (id, language_id, value) VALUES ('terms_of_purchase',1,'Köpvillkor');
INSERT INTO dbo.static_texts (id, language_id, value) VALUES ('text',1,'Text');
INSERT INTO dbo.static_texts (id, language_id, value) VALUES ('theme',1,'Tema');
INSERT INTO dbo.static_texts (id, language_id, value) VALUES ('title',1,'Titel');
INSERT INTO dbo.static_texts (id, language_id, value) VALUES ('toll_freight_addition',1,'Tull- och frakttillägg');
INSERT INTO dbo.static_texts (id, language_id, value) VALUES ('toggle_fullscreen',1,'Växla helskärmsläge');
INSERT INTO dbo.static_texts (id, language_id, value) VALUES ('total_sum',1,'Totalt');
INSERT INTO dbo.static_texts (id, language_id, value) VALUES ('translate',1,'Översätt');
INSERT INTO dbo.static_texts (id, language_id, value) VALUES ('translated',1,'Översatt');
INSERT INTO dbo.static_texts (id, language_id, value) VALUES ('type',1,'Typ');
INSERT INTO dbo.static_texts (id, language_id, value) VALUES ('undo',1,'Ångra');
INSERT INTO dbo.static_texts (id, language_id, value) VALUES ('unisex',1,'Unisex');
INSERT INTO dbo.static_texts (id, language_id, value) VALUES ('unit',1,'Enhet');
INSERT INTO dbo.static_texts (id, language_id, value) VALUES ('unit_code',1,'Enhetskod');
INSERT INTO dbo.static_texts (id, language_id, value) VALUES ('unit_code_si',1,'SI-kod');
INSERT INTO dbo.static_texts (id, language_id, value) VALUES ('unit_pricing_measure',1,'Jämförelsevärde');
INSERT INTO dbo.static_texts (id, language_id, value) VALUES ('unit_pricing_base_measure',1,'Jämförelsebas');
INSERT INTO dbo.static_texts (id, language_id, value) VALUES ('units',1,'Enheter');
INSERT INTO dbo.static_texts (id, language_id, value) VALUES ('units_in_cart',1,'Enheter i varukorgen');
INSERT INTO dbo.static_texts (id, language_id, value) VALUES ('update',1,'Uppdatera');
INSERT INTO dbo.static_texts (id, language_id, value) VALUES ('upload_files',1,'Ladda upp filer');
INSERT INTO dbo.static_texts (id, language_id, value) VALUES ('url',1,'Länk');
INSERT INTO dbo.static_texts (id, language_id, value) VALUES ('use_local_images',1,'Använd lokala bilder');
INSERT INTO dbo.static_texts (id, language_id, value) VALUES ('use_local_files',1,'Använd lokala filer');
INSERT INTO dbo.static_texts (id, language_id, value) VALUES ('used',1,'Begagnad');
INSERT INTO dbo.static_texts (id, language_id, value) VALUES ('user_name',1,'Användarnamn');
INSERT INTO dbo.static_texts (id, language_id, value) VALUES ('value_added_tax',1,'Moms');
INSERT INTO dbo.static_texts (id, language_id, value) VALUES ('value_added_tax_rates',1,'Momssatser');
INSERT INTO dbo.static_texts (id, language_id, value) VALUES ('variant_image_filename',1,'Filnamn för variantbilder');
INSERT INTO dbo.static_texts (id, language_id, value) VALUES ('vat_code',1,'VAT-kod');
INSERT INTO dbo.static_texts (id, language_id, value) VALUES ('vat_code_domestic',1,'Inhemsk försäljning');
INSERT INTO dbo.static_texts (id, language_id, value) VALUES ('vat_code_eu',1,'EU-försäljning');
INSERT INTO dbo.static_texts (id, language_id, value) VALUES ('vat_code_export',1,'Export');
INSERT INTO dbo.static_texts (id, language_id, value) VALUES ('vat_number',1,'VAT-nummer');
INSERT INTO dbo.static_texts (id, language_id, value) VALUES ('version',1,'Version');
INSERT INTO dbo.static_texts (id, language_id, value) VALUES ('view',1,'Vy');
INSERT INTO dbo.static_texts (id, language_id, value) VALUES ('want_newsletter',1,'Vill ha nyhetsbrev');
INSERT INTO dbo.static_texts (id, language_id, value) VALUES ('web_address',1,'Webbadress');
INSERT INTO dbo.static_texts (id, language_id, value) VALUES ('week',1,'Vecka');
INSERT INTO dbo.static_texts (id, language_id, value) VALUES ('year',1,'År');
INSERT INTO dbo.static_texts (id, language_id, value) VALUES ('your',1,'Din');
INSERT INTO dbo.static_texts (id, language_id, value) VALUES ('accessories',2,'Accessories');
INSERT INTO dbo.static_texts (id, language_id, value) VALUES ('account_code',2,'Accounting code');
INSERT INTO dbo.static_texts (id, language_id, value) VALUES ('add',2,'Add');
INSERT INTO dbo.static_texts (id, language_id, value) VALUES ('add_images',2,'Add images');
INSERT INTO dbo.static_texts (id, language_id, value) VALUES ('added',2,'Added');
INSERT INTO dbo.static_texts (id, language_id, value) VALUES ('additional_service',2,'Additional service');
INSERT INTO dbo.static_texts (id, language_id, value) VALUES ('additional_services',2,'Additional services');
INSERT INTO dbo.static_texts (id, language_id, value) VALUES ('adjust',2,'Adjust');
INSERT INTO dbo.static_texts (id, language_id, value) VALUES ('address',2,'Address');
INSERT INTO dbo.static_texts (id, language_id, value) VALUES ('address_information',2,'Address information');
INSERT INTO dbo.static_texts (id, language_id, value) VALUES ('admin_role',2,'Role');
INSERT INTO dbo.static_texts (id, language_id, value) VALUES ('administrator',2,'Administrator');
INSERT INTO dbo.static_texts (id, language_id, value) VALUES ('administrators',2,'Administrators');
INSERT INTO dbo.static_texts (id, language_id, value) VALUES ('adult',2,'Adult');
INSERT INTO dbo.static_texts (id, language_id, value) VALUES ('adult_only',2,'Only for adults');
INSERT INTO dbo.static_texts (id, language_id, value) VALUES ('affiliate_link',2,'Affiliate link');
INSERT INTO dbo.static_texts (id, language_id, value) VALUES ('affiliate_button_text',2,'Test for free!');
INSERT INTO dbo.static_texts (id, language_id, value) VALUES ('age_group',2,'Age group');
INSERT INTO dbo.static_texts (id, language_id, value) VALUES ('all',2,'All');
INSERT INTO dbo.static_texts (id, language_id, value) VALUES ('amount',2,'Amount');
INSERT INTO dbo.static_texts (id, language_id, value) VALUES ('analytics_tracking_id',2,'Tracking-ID analytics');
INSERT INTO dbo.static_texts (id, language_id, value) VALUES ('approve_terms_of_purchase_text',2,'By creating an order for this purchase, you also accept our');
INSERT INTO dbo.static_texts (id, language_id, value) VALUES ('as',2,'As');
INSERT INTO dbo.static_texts (id, language_id, value) VALUES ('ascending',2,'Ascending');
INSERT INTO dbo.static_texts (id, language_id, value) VALUES ('availability_status',2,'Availability');
INSERT INTO dbo.static_texts (id, language_id, value) VALUES ('availability_in_stock',2,'In stock');
INSERT INTO dbo.static_texts (id, language_id, value) VALUES ('availability_out_of_stock',2,'Not in stock');
INSERT INTO dbo.static_texts (id, language_id, value) VALUES ('availability_to_order',2,'Available to order');
INSERT INTO dbo.static_texts (id, language_id, value) VALUES ('availability_preorder',2,'Preorder');
INSERT INTO dbo.static_texts (id, language_id, value) VALUES ('availability_date',2,'Availability date');
INSERT INTO dbo.static_texts (id, language_id, value) VALUES ('back_end_language',2,'Backend language');
INSERT INTO dbo.static_texts (id, language_id, value) VALUES ('background_image',2,'Background image');
INSERT INTO dbo.static_texts (id, language_id, value) VALUES ('bank',2,'Bank');
INSERT INTO dbo.static_texts (id, language_id, value) VALUES ('bank_giro',2,'Bankgiro');
INSERT INTO dbo.static_texts (id, language_id, value) VALUES ('basket',2,'Basket');
INSERT INTO dbo.static_texts (id, language_id, value) VALUES ('bic',2,'Bic');
INSERT INTO dbo.static_texts (id, language_id, value) VALUES ('big',2,'Big');
INSERT INTO dbo.static_texts (id, language_id, value) VALUES ('big_and_tall',2,'Big and tall');
INSERT INTO dbo.static_texts (id, language_id, value) VALUES ('brand',2,'Brand');
INSERT INTO dbo.static_texts (id, language_id, value) VALUES ('bundle_structure',2,'Bundle structure');
INSERT INTO dbo.static_texts (id, language_id, value) VALUES ('buy',2,'Buy');
INSERT INTO dbo.static_texts (id, language_id, value) VALUES ('buys',2,'Buys');
INSERT INTO dbo.static_texts (id, language_id, value) VALUES ('campaign',2,'Campaign');
INSERT INTO dbo.static_texts (id, language_id, value) VALUES ('campaigns',2,'Campaigns');
INSERT INTO dbo.static_texts (id, language_id, value) VALUES ('cancel',2,'Cancel');
INSERT INTO dbo.static_texts (id, language_id, value) VALUES ('card_payment',2,'Card payment');
INSERT INTO dbo.static_texts (id, language_id, value) VALUES ('categories',2,'Categories');
INSERT INTO dbo.static_texts (id, language_id, value) VALUES ('category',2,'Category');
INSERT INTO dbo.static_texts (id, language_id, value) VALUES ('change_frequency',2,'Change frequency');
INSERT INTO dbo.static_texts (id, language_id, value) VALUES ('check_out',2,'Check out');
INSERT INTO dbo.static_texts (id, language_id, value) VALUES ('city',2,'City');
INSERT INTO dbo.static_texts (id, language_id, value) VALUES ('clear',2,'Clear');
INSERT INTO dbo.static_texts (id, language_id, value) VALUES ('comment',2,'Comment');
INSERT INTO dbo.static_texts (id, language_id, value) VALUES ('company',2,'Company');
INSERT INTO dbo.static_texts (id, language_id, value) VALUES ('companies',2,'Companies');
INSERT INTO dbo.static_texts (id, language_id, value) VALUES ('comparison_price',2,'Comparison price');
INSERT INTO dbo.static_texts (id, language_id, value) VALUES ('condition',2,'Condition');
INSERT INTO dbo.static_texts (id, language_id, value) VALUES ('confirm_order',2,'Confirm order');
INSERT INTO dbo.static_texts (id, language_id, value) VALUES ('connect',2,'Connect');
INSERT INTO dbo.static_texts (id, language_id, value) VALUES ('connected_to',2,'Connected to');
INSERT INTO dbo.static_texts (id, language_id, value) VALUES ('contact_us',2,'Contact us');
INSERT INTO dbo.static_texts (id, language_id, value) VALUES ('conversion_rate',2,'Conversion rate');
INSERT INTO dbo.static_texts (id, language_id, value) VALUES ('copy_invoice_address',2,'Copy invoice address');
INSERT INTO dbo.static_texts (id, language_id, value) VALUES ('copyright_information',2,'&copy; 2013');
INSERT INTO dbo.static_texts (id, language_id, value) VALUES ('countries',2,'Countries');
INSERT INTO dbo.static_texts (id, language_id, value) VALUES ('country',2,'Country');
INSERT INTO dbo.static_texts (id, language_id, value) VALUES ('country_code',2,'Country code (ISO 3166-1)');
INSERT INTO dbo.static_texts (id, language_id, value) VALUES ('country_code_short',2,'Country code');
INSERT INTO dbo.static_texts (id, language_id, value) VALUES ('create_order',2,'Create order');
INSERT INTO dbo.static_texts (id, language_id, value) VALUES ('currencies',2,'Currencies');
INSERT INTO dbo.static_texts (id, language_id, value) VALUES ('currency',2,'Currency');
INSERT INTO dbo.static_texts (id, language_id, value) VALUES ('currency_base',2,'Currency base');
INSERT INTO dbo.static_texts (id, language_id, value) VALUES ('currency_code',2,'Currency code');
INSERT INTO dbo.static_texts (id, language_id, value) VALUES ('custom_design',2,'Custom design');
INSERT INTO dbo.static_texts (id, language_id, value) VALUES ('custom_images',2,'Custom images');
INSERT INTO dbo.static_texts (id, language_id, value) VALUES ('customer',2,'Customer');
INSERT INTO dbo.static_texts (id, language_id, value) VALUES ('customer_service',2,'Customer service');
INSERT INTO dbo.static_texts (id, language_id, value) VALUES ('customer_type',2,'Customer type');
INSERT INTO dbo.static_texts (id, language_id, value) VALUES ('customers',2,'Customers');
INSERT INTO dbo.static_texts (id, language_id, value) VALUES ('date',2,'Date');
INSERT INTO dbo.static_texts (id, language_id, value) VALUES ('day',2,'Day');
INSERT INTO dbo.static_texts (id, language_id, value) VALUES ('default',2,'Standard');
INSERT INTO dbo.static_texts (id, language_id, value) VALUES ('default_display_view',2,'Default display view');
INSERT INTO dbo.static_texts (id, language_id, value) VALUES ('delete',2,'Delete');
INSERT INTO dbo.static_texts (id, language_id, value) VALUES ('delivered',2,'Delivered');
INSERT INTO dbo.static_texts (id, language_id, value) VALUES ('delivery_address',2,'Delivery address');
INSERT INTO dbo.static_texts (id, language_id, value) VALUES ('delivery_time',2,'Delivery time');
INSERT INTO dbo.static_texts (id, language_id, value) VALUES ('descending',2,'Descending');
INSERT INTO dbo.static_texts (id, language_id, value) VALUES ('description',2,'Description');
INSERT INTO dbo.static_texts (id, language_id, value) VALUES ('design',2,'Design');
INSERT INTO dbo.static_texts (id, language_id, value) VALUES ('desired_date_of_delivery',2,'Desired date of delivery');
INSERT INTO dbo.static_texts (id, language_id, value) VALUES ('document_type',2,'Document type');
INSERT INTO dbo.static_texts (id, language_id, value) VALUES ('domain',2,'Domain');
INSERT INTO dbo.static_texts (id, language_id, value) VALUES ('domain_name',2,'Domain name');
INSERT INTO dbo.static_texts (id, language_id, value) VALUES ('domains',2,'Domains');
INSERT INTO dbo.static_texts (id, language_id, value) VALUES ('download',2,'Download');
INSERT INTO dbo.static_texts (id, language_id, value) VALUES ('downloadable_files',2,'Downloadable files');
INSERT INTO dbo.static_texts (id, language_id, value) VALUES ('edit',2,'Edit');
INSERT INTO dbo.static_texts (id, language_id, value) VALUES ('email',2,'E-mail');
INSERT INTO dbo.static_texts (id, language_id, value) VALUES ('energy_efficiency_class',2,'Energy efficency class');
INSERT INTO dbo.static_texts (id, language_id, value) VALUES ('environment_images_title',2,'Environment images');
INSERT INTO dbo.static_texts (id, language_id, value) VALUES ('erp_code',2,'Erp-code');
INSERT INTO dbo.static_texts (id, language_id, value) VALUES ('error_404',2,'Error: 404');
INSERT INTO dbo.static_texts (id, language_id, value) VALUES ('error_cart_empty',2,'Your shopping cart is empty!');
INSERT INTO dbo.static_texts (id, language_id, value) VALUES ('error_customer_exists',2,'There is no customer that matches the specified information!');
INSERT INTO dbo.static_texts (id, language_id, value) VALUES ('error_domain_name',2,'The domain name must not include http://, https:// or www. and must not be more than 100 characters!');
INSERT INTO dbo.static_texts (id, language_id, value) VALUES ('error_email_unique',2,'The specified email is already stored in the database, enter another address!');
INSERT INTO dbo.static_texts (id, language_id, value) VALUES ('error_email_valid',2,'The specified e-mail is not a valid address!');
INSERT INTO dbo.static_texts (id, language_id, value) VALUES ('error_field_bad_chars',2,'{0}: consists of invalid characters!');
INSERT INTO dbo.static_texts (id, language_id, value) VALUES ('error_field_certain_length',2,'{0}: must be at least {1} characters and max {2} characters!');
INSERT INTO dbo.static_texts (id, language_id, value) VALUES ('error_field_language_unique',2,'{0}: must be unique for the selected language!');
INSERT INTO dbo.static_texts (id, language_id, value) VALUES ('error_field_length',2,'{0}: may be up to {1} characters!');
INSERT INTO dbo.static_texts (id, language_id, value) VALUES ('error_field_range',2,'{0}: must be at least 0 and less than {1}!');
INSERT INTO dbo.static_texts (id, language_id, value) VALUES ('error_field_required',2,'{0}: must be specified!');
INSERT INTO dbo.static_texts (id, language_id, value) VALUES ('error_field_unique',2,'{0}: must be unique!');
INSERT INTO dbo.static_texts (id, language_id, value) VALUES ('error_general',2,'Error: general error');
INSERT INTO dbo.static_texts (id, language_id, value) VALUES ('error_invalid_input',2,'Error: invalid input');
INSERT INTO dbo.static_texts (id, language_id, value) VALUES ('error_login',2,'You have entered a username and/or a password that is invalid!');
INSERT INTO dbo.static_texts (id, language_id, value) VALUES ('error_no_payment_option',2,'You have not selected a payment method!');
INSERT INTO dbo.static_texts (id, language_id, value) VALUES ('error_select_value',2,'You must select {0}!');
INSERT INTO dbo.static_texts (id, language_id, value) VALUES ('error_send_email',2,'We are unable to send e-mails right now!');
INSERT INTO dbo.static_texts (id, language_id, value) VALUES ('excluding_vat',2,'Excl. VAT');
INSERT INTO dbo.static_texts (id, language_id, value) VALUES ('export_email_addresses',2,'Export e-mail addresses');
INSERT INTO dbo.static_texts (id, language_id, value) VALUES ('export_to_zip',2,'Export all files to a zip file');
INSERT INTO dbo.static_texts (id, language_id, value) VALUES ('exported_to_erp',2,'Exported Erp-software');
INSERT INTO dbo.static_texts (id, language_id, value) VALUES ('extras',2,'Extras');
INSERT INTO dbo.static_texts (id, language_id, value) VALUES ('facts',2,'Facts');
INSERT INTO dbo.static_texts (id, language_id, value) VALUES ('fee',2,'Fee');
INSERT INTO dbo.static_texts (id, language_id, value) VALUES ('female',2,'Women');
INSERT INTO dbo.static_texts (id, language_id, value) VALUES ('file_name',2,'Filename');
INSERT INTO dbo.static_texts (id, language_id, value) VALUES ('files',2,'Files');
INSERT INTO dbo.static_texts (id, language_id, value) VALUES ('filter',2,'Filter');
INSERT INTO dbo.static_texts (id, language_id, value) VALUES ('forgot',2,'Forgot');
INSERT INTO dbo.static_texts (id, language_id, value) VALUES ('freight',2,'Freight');
INSERT INTO dbo.static_texts (id, language_id, value) VALUES ('freight_addition',2,'Freight addition');
INSERT INTO dbo.static_texts (id, language_id, value) VALUES ('freight_prices',2,'Freight prices');
INSERT INTO dbo.static_texts (id, language_id, value) VALUES ('from',2,'From');
INSERT INTO dbo.static_texts (id, language_id, value) VALUES ('from_short',2,'Fr.');
INSERT INTO dbo.static_texts (id, language_id, value) VALUES ('front_end_language',2,'Front-end language');
INSERT INTO dbo.static_texts (id, language_id, value) VALUES ('get',2,'Get');
INSERT INTO dbo.static_texts (id, language_id, value) VALUES ('gender',2,'Gender');
INSERT INTO dbo.static_texts (id, language_id, value) VALUES ('google_category',2,'Google category');
INSERT INTO dbo.static_texts (id, language_id, value) VALUES ('google_name',2,'Google name');
INSERT INTO dbo.static_texts (id, language_id, value) VALUES ('gtin',2,'Gtin');
INSERT INTO dbo.static_texts (id, language_id, value) VALUES ('i_want_newsletter',2,'Yes, to newsletters and other promotions.');
INSERT INTO dbo.static_texts (id, language_id, value) VALUES ('iban',2,'Iban');
INSERT INTO dbo.static_texts (id, language_id, value) VALUES ('icon',2,'Icon');
INSERT INTO dbo.static_texts (id, language_id, value) VALUES ('id',2,'Id');
INSERT INTO dbo.static_texts (id, language_id, value) VALUES ('image',2,'Image');
INSERT INTO dbo.static_texts (id, language_id, value) VALUES ('images',2,'Images');
INSERT INTO dbo.static_texts (id, language_id, value) VALUES ('import_from_zip',2,'Import from zip-file');
INSERT INTO dbo.static_texts (id, language_id, value) VALUES ('inactive',2,'Inactivated');
INSERT INTO dbo.static_texts (id, language_id, value) VALUES ('including_vat',2,'Incl. VAT');
INSERT INTO dbo.static_texts (id, language_id, value) VALUES ('information',2,'Information');
INSERT INTO dbo.static_texts (id, language_id, value) VALUES ('invoice_address',2,'Invoice address');
INSERT INTO dbo.static_texts (id, language_id, value) VALUES ('keywords',2,'Keywords');
INSERT INTO dbo.static_texts (id, language_id, value) VALUES ('kids',2,'Kids');
INSERT INTO dbo.static_texts (id, language_id, value) VALUES ('language',2,'Language');
INSERT INTO dbo.static_texts (id, language_id, value) VALUES ('language_code',2,'Language code (ISO 639-1)');
INSERT INTO dbo.static_texts (id, language_id, value) VALUES ('language_code_short',2,'Language code');
INSERT INTO dbo.static_texts (id, language_id, value) VALUES ('languages',2,'Language');
INSERT INTO dbo.static_texts (id, language_id, value) VALUES ('linkname',2,'Linkname');
INSERT INTO dbo.static_texts (id, language_id, value) VALUES ('list',2,'List');
INSERT INTO dbo.static_texts (id, language_id, value) VALUES ('log_in',2,'Log in');
INSERT INTO dbo.static_texts (id, language_id, value) VALUES ('log_out',2,'Log out');
INSERT INTO dbo.static_texts (id, language_id, value) VALUES ('logotype',2,'Logotype');
INSERT INTO dbo.static_texts (id, language_id, value) VALUES ('main_category',2,'Main category');
INSERT INTO dbo.static_texts (id, language_id, value) VALUES ('male',2,'Male');
INSERT INTO dbo.static_texts (id, language_id, value) VALUES ('main_image',2,'Main image');
INSERT INTO dbo.static_texts (id, language_id, value) VALUES ('manufacturer_code',2,'Manufacturer code');
INSERT INTO dbo.static_texts (id, language_id, value) VALUES ('marketing',2,'Marketing');
INSERT INTO dbo.static_texts (id, language_id, value) VALUES ('maternity',2,'Maternity');
INSERT INTO dbo.static_texts (id, language_id, value) VALUES ('menu',2,'Menu');
INSERT INTO dbo.static_texts (id, language_id, value) VALUES ('message',2,'Message');
INSERT INTO dbo.static_texts (id, language_id, value) VALUES ('message_box_message_1',2,'You do not have permission to perform this action.');
INSERT INTO dbo.static_texts (id, language_id, value) VALUES ('message_box_message_2',2,'Are you sure that you want to remove this post and all posts related to this post?');
INSERT INTO dbo.static_texts (id, language_id, value) VALUES ('message_box_message_3',2,'Uploaded image(s) have an invalid file extension, allowed extensions are jpg and jpeg.');
INSERT INTO dbo.static_texts (id, language_id, value) VALUES ('message_box_message_4',2,'Uploaded image(s) have a total size that exceeds the allowable maximum. Compress the image or upload the images individually.');
INSERT INTO dbo.static_texts (id, language_id, value) VALUES ('message_box_message_5',2,'The item you tried to delete can not be deleted. This is because there are references to the record in one or more tables in the database.');
INSERT INTO dbo.static_texts (id, language_id, value) VALUES ('message_box_title_1',2,'Authorization');
INSERT INTO dbo.static_texts (id, language_id, value) VALUES ('message_box_title_2',2,'Remove item');
INSERT INTO dbo.static_texts (id, language_id, value) VALUES ('message_box_title_3',2,'Image upload');
INSERT INTO dbo.static_texts (id, language_id, value) VALUES ('message_box_title_4',2,'Image upload');
INSERT INTO dbo.static_texts (id, language_id, value) VALUES ('message_box_title_5',2,'Attempt to delete item');
INSERT INTO dbo.static_texts (id, language_id, value) VALUES ('meta_description',2,'Metadescription');
INSERT INTO dbo.static_texts (id, language_id, value) VALUES ('mobile',2,'Mobile');
INSERT INTO dbo.static_texts (id, language_id, value) VALUES ('mobile_display_view',2,'Mobile display view');
INSERT INTO dbo.static_texts (id, language_id, value) VALUES ('mobile_phone_number',2,'Mobile phone');
INSERT INTO dbo.static_texts (id, language_id, value) VALUES ('month',2,'Month');
INSERT INTO dbo.static_texts (id, language_id, value) VALUES ('mount_time_hours',2,'Mount time (hours)');
INSERT INTO dbo.static_texts (id, language_id, value) VALUES ('mpn_suffix',2,'Mpn-suffix');
INSERT INTO dbo.static_texts (id, language_id, value) VALUES ('my_pages',2,'My pages');
INSERT INTO dbo.static_texts (id, language_id, value) VALUES ('name',2,'Name');
INSERT INTO dbo.static_texts (id, language_id, value) VALUES ('new',2,'New');
INSERT INTO dbo.static_texts (id, language_id, value) VALUES ('newsletter',2,'Newsletter');
INSERT INTO dbo.static_texts (id, language_id, value) VALUES ('newsletters',2,'Newsletters');
INSERT INTO dbo.static_texts (id, language_id, value) VALUES ('no_additional_services_available',2,'No additional services are available');
INSERT INTO dbo.static_texts (id, language_id, value) VALUES ('no_choice',2,'No choice');
INSERT INTO dbo.static_texts (id, language_id, value) VALUES ('no_connection',2,'No connection');
INSERT INTO dbo.static_texts (id, language_id, value) VALUES ('no_payment_options_available',2,'No available payment options');
INSERT INTO dbo.static_texts (id, language_id, value) VALUES ('not',2,'Not');
INSERT INTO dbo.static_texts (id, language_id, value) VALUES ('number',2,'Number');
INSERT INTO dbo.static_texts (id, language_id, value) VALUES ('number_of_decimals',2,'Decimals (ISO 4217)');
INSERT INTO dbo.static_texts (id, language_id, value) VALUES ('of',2,'Of');
INSERT INTO dbo.static_texts (id, language_id, value) VALUES ('ok',2,'Ok');
INSERT INTO dbo.static_texts (id, language_id, value) VALUES ('on',2,'On');
INSERT INTO dbo.static_texts (id, language_id, value) VALUES ('order',2,'Order');
INSERT INTO dbo.static_texts (id, language_id, value) VALUES ('order_confirmation',2,'Order confirmation');
INSERT INTO dbo.static_texts (id, language_id, value) VALUES ('order_date',2,'Order date');
INSERT INTO dbo.static_texts (id, language_id, value) VALUES ('order_number',2,'Order number');
INSERT INTO dbo.static_texts (id, language_id, value) VALUES ('order_statistics',2,'Order statistics');
INSERT INTO dbo.static_texts (id, language_id, value) VALUES ('order_status_pending',2,'Pending');
INSERT INTO dbo.static_texts (id, language_id, value) VALUES ('order_status_cancelled',2,'Cancelled');
INSERT INTO dbo.static_texts (id, language_id, value) VALUES ('order_status_delivered',2,'Delivered');
INSERT INTO dbo.static_texts (id, language_id, value) VALUES ('orders',2,'Orders');
INSERT INTO dbo.static_texts (id, language_id, value) VALUES ('org_number_short',2,'Org. number');
INSERT INTO dbo.static_texts (id, language_id, value) VALUES ('organization_number',2,'Organizational number');
INSERT INTO dbo.static_texts (id, language_id, value) VALUES ('org_person_number',2,'Org-/social security number');
INSERT INTO dbo.static_texts (id, language_id, value) VALUES ('other_product_images_title',2,'Extra product images');
INSERT INTO dbo.static_texts (id, language_id, value) VALUES ('other_settings',2,'Other settings');
INSERT INTO dbo.static_texts (id, language_id, value) VALUES ('page',2,'Page');
INSERT INTO dbo.static_texts (id, language_id, value) VALUES ('page_name',2,'Pagename');
INSERT INTO dbo.static_texts (id, language_id, value) VALUES ('page_views',2,'Pageviews');
INSERT INTO dbo.static_texts (id, language_id, value) VALUES ('pages',2,'Pages');
INSERT INTO dbo.static_texts (id, language_id, value) VALUES ('parent',2,'Parent');
INSERT INTO dbo.static_texts (id, language_id, value) VALUES ('password',2,'Password');
INSERT INTO dbo.static_texts (id, language_id, value) VALUES ('path',2,'Path');
INSERT INTO dbo.static_texts (id, language_id, value) VALUES ('pay',2,'Pay');
INSERT INTO dbo.static_texts (id, language_id, value) VALUES ('payex_creditcard',2,'PayEx, creditcard');
INSERT INTO dbo.static_texts (id, language_id, value) VALUES ('payex_direct_bank',2,'PayEx, direct bank');
INSERT INTO dbo.static_texts (id, language_id, value) VALUES ('payex_invoice',2,'PayEx, invoice');
INSERT INTO dbo.static_texts (id, language_id, value) VALUES ('payex_wywallet',2,'PayEx, wywallet');
INSERT INTO dbo.static_texts (id, language_id, value) VALUES ('payment_option',2,'Payment option');
INSERT INTO dbo.static_texts (id, language_id, value) VALUES ('payment_options',2,'Payment options');
INSERT INTO dbo.static_texts (id, language_id, value) VALUES ('payment_status',2,'Payment status');
INSERT INTO dbo.static_texts (id, language_id, value) VALUES ('payment_status_pending',2,'Pending');
INSERT INTO dbo.static_texts (id, language_id, value) VALUES ('payment_status_invoice_approved',2,'Approved for invoice');
INSERT INTO dbo.static_texts (id, language_id, value) VALUES ('payment_status_invoice_not_approved',2,'Not approved for invoice');
INSERT INTO dbo.static_texts (id, language_id, value) VALUES ('payment_status_paid',2,'Paid');
INSERT INTO dbo.static_texts (id, language_id, value) VALUES ('payment_term_code',2,'Term code');
INSERT INTO dbo.static_texts (id, language_id, value) VALUES ('paypal',2,'PayPal');
INSERT INTO dbo.static_texts (id, language_id, value) VALUES ('payson_direct',2,'Payson direct');
INSERT INTO dbo.static_texts (id, language_id, value) VALUES ('payson_invoice',2,'Payson invoice');
INSERT INTO dbo.static_texts (id, language_id, value) VALUES ('percent',2,'Percent');
INSERT INTO dbo.static_texts (id, language_id, value) VALUES ('period',2,'Period');
INSERT INTO dbo.static_texts (id, language_id, value) VALUES ('person_number',2,'Social security number');
INSERT INTO dbo.static_texts (id, language_id, value) VALUES ('petite',2,'Petite');
INSERT INTO dbo.static_texts (id, language_id, value) VALUES ('phone_number',2,'Phone');
INSERT INTO dbo.static_texts (id, language_id, value) VALUES ('plus',2,'Plus');
INSERT INTO dbo.static_texts (id, language_id, value) VALUES ('post_code',2,'Postal code');
INSERT INTO dbo.static_texts (id, language_id, value) VALUES ('preview',2,'Preview');
INSERT INTO dbo.static_texts (id, language_id, value) VALUES ('price',2,'Price');
INSERT INTO dbo.static_texts (id, language_id, value) VALUES ('price_addition',2,'Price addition');
INSERT INTO dbo.static_texts (id, language_id, value) VALUES ('price_based_on_mount_time',2,'Price based on mount time');
INSERT INTO dbo.static_texts (id, language_id, value) VALUES ('prices',2,'Prices');
INSERT INTO dbo.static_texts (id, language_id, value) VALUES ('print',2,'Print');
INSERT INTO dbo.static_texts (id, language_id, value) VALUES ('priority',2,'Priority');
INSERT INTO dbo.static_texts (id, language_id, value) VALUES ('private_person',2,'Person');
INSERT INTO dbo.static_texts (id, language_id, value) VALUES ('product',2,'Product');
INSERT INTO dbo.static_texts (id, language_id, value) VALUES ('product_code',2,'Product code');
INSERT INTO dbo.static_texts (id, language_id, value) VALUES ('product_code_short',2,'Product code');
INSERT INTO dbo.static_texts (id, language_id, value) VALUES ('product_options',2,'Product options');
INSERT INTO dbo.static_texts (id, language_id, value) VALUES ('product_suffix',2,'Product suffix');
INSERT INTO dbo.static_texts (id, language_id, value) VALUES ('products',2,'Products');
INSERT INTO dbo.static_texts (id, language_id, value) VALUES ('quantity',2,'Quantity');
INSERT INTO dbo.static_texts (id, language_id, value) VALUES ('rating',2,'Rating');
INSERT INTO dbo.static_texts (id, language_id, value) VALUES ('reference',2,'Contact');
INSERT INTO dbo.static_texts (id, language_id, value) VALUES ('refurbished',2,'Refurbished');
INSERT INTO dbo.static_texts (id, language_id, value) VALUES ('register_as',2,'Register as');
INSERT INTO dbo.static_texts (id, language_id, value) VALUES ('registered_office',2,'Headquarters');
INSERT INTO dbo.static_texts (id, language_id, value) VALUES ('regular',2,'Regular');
INSERT INTO dbo.static_texts (id, language_id, value) VALUES ('request',2,'Inquiry');
INSERT INTO dbo.static_texts (id, language_id, value) VALUES ('reserve',2,'Preorder');
INSERT INTO dbo.static_texts (id, language_id, value) VALUES ('restore_to_default',2,'Restore to default');
INSERT INTO dbo.static_texts (id, language_id, value) VALUES ('review',2,'Review');
INSERT INTO dbo.static_texts (id, language_id, value) VALUES ('reviews',2,'Reviews');
INSERT INTO dbo.static_texts (id, language_id, value) VALUES ('rounding',2,'Rounding');
INSERT INTO dbo.static_texts (id, language_id, value) VALUES ('save',2,'Save');
INSERT INTO dbo.static_texts (id, language_id, value) VALUES ('search',2,'Search');
INSERT INTO dbo.static_texts (id, language_id, value) VALUES ('search_result',2,'Search result');
INSERT INTO dbo.static_texts (id, language_id, value) VALUES ('send',2,'Send');
INSERT INTO dbo.static_texts (id, language_id, value) VALUES ('sent',2,'Sent');
INSERT INTO dbo.static_texts (id, language_id, value) VALUES ('settings',2,'Settings');
INSERT INTO dbo.static_texts (id, language_id, value) VALUES ('shopping_cart',2,'Shopping cart');
INSERT INTO dbo.static_texts (id, language_id, value) VALUES ('show',2,'Show');
INSERT INTO dbo.static_texts (id, language_id, value) VALUES ('sitemap',2,'Sitemap');
INSERT INTO dbo.static_texts (id, language_id, value) VALUES ('size_system',2,'Size system');
INSERT INTO dbo.static_texts (id, language_id, value) VALUES ('size_type',2,'Size type');
INSERT INTO dbo.static_texts (id, language_id, value) VALUES ('small',2,'Small');
INSERT INTO dbo.static_texts (id, language_id, value) VALUES ('sort',2,'Sort');
INSERT INTO dbo.static_texts (id, language_id, value) VALUES ('standard',2,'Standard');
INSERT INTO dbo.static_texts (id, language_id, value) VALUES ('start_page',2,'Home');
INSERT INTO dbo.static_texts (id, language_id, value) VALUES ('static_page',2,'Static page');
INSERT INTO dbo.static_texts (id, language_id, value) VALUES ('static_pages',2,'Static pages');
INSERT INTO dbo.static_texts (id, language_id, value) VALUES ('static_text',2,'Static text');
INSERT INTO dbo.static_texts (id, language_id, value) VALUES ('static_texts',2,'Static texts');
INSERT INTO dbo.static_texts (id, language_id, value) VALUES ('status',2,'Status');
INSERT INTO dbo.static_texts (id, language_id, value) VALUES ('sum',2,'Sum');
INSERT INTO dbo.static_texts (id, language_id, value) VALUES ('supplier_erp_id',2,'Supplier id (erp)');
INSERT INTO dbo.static_texts (id, language_id, value) VALUES ('svea_card_payment',2,'Svea visa/mastercard');
INSERT INTO dbo.static_texts (id, language_id, value) VALUES ('svea_invoice',2,'Svea invoice');
INSERT INTO dbo.static_texts (id, language_id, value) VALUES ('template',2,'Template');
INSERT INTO dbo.static_texts (id, language_id, value) VALUES ('terms_of_purchase',2,'Terms of purchase');
INSERT INTO dbo.static_texts (id, language_id, value) VALUES ('text',2,'Text');
INSERT INTO dbo.static_texts (id, language_id, value) VALUES ('theme',2,'Theme');
INSERT INTO dbo.static_texts (id, language_id, value) VALUES ('title',2,'Title');
INSERT INTO dbo.static_texts (id, language_id, value) VALUES ('toll_freight_addition',2,'Toll- and freight addition');
INSERT INTO dbo.static_texts (id, language_id, value) VALUES ('toggle_fullscreen',2,'Toggle fullscreen');
INSERT INTO dbo.static_texts (id, language_id, value) VALUES ('total_sum',2,'Total');
INSERT INTO dbo.static_texts (id, language_id, value) VALUES ('translate',2,'Translate');
INSERT INTO dbo.static_texts (id, language_id, value) VALUES ('translated',2,'Translated');
INSERT INTO dbo.static_texts (id, language_id, value) VALUES ('type',2,'Type');
INSERT INTO dbo.static_texts (id, language_id, value) VALUES ('undo',2,'Undo');
INSERT INTO dbo.static_texts (id, language_id, value) VALUES ('unisex',2,'Unisex');
INSERT INTO dbo.static_texts (id, language_id, value) VALUES ('unit',2,'Unit');
INSERT INTO dbo.static_texts (id, language_id, value) VALUES ('unit_code',2,'Unit code');
INSERT INTO dbo.static_texts (id, language_id, value) VALUES ('unit_code_si',2,'SI-code');
INSERT INTO dbo.static_texts (id, language_id, value) VALUES ('unit_pricing_measure',2,'Unit pricing measure');
INSERT INTO dbo.static_texts (id, language_id, value) VALUES ('unit_pricing_base_measure',2,'Unit pricing base measure');
INSERT INTO dbo.static_texts (id, language_id, value) VALUES ('units',2,'Units');
INSERT INTO dbo.static_texts (id, language_id, value) VALUES ('units_in_cart',2,'Units in shopping cart');
INSERT INTO dbo.static_texts (id, language_id, value) VALUES ('update',2,'Update');
INSERT INTO dbo.static_texts (id, language_id, value) VALUES ('upload_files',2,'Upload files');
INSERT INTO dbo.static_texts (id, language_id, value) VALUES ('url',2,'Url');
INSERT INTO dbo.static_texts (id, language_id, value) VALUES ('use_local_images',2,'Use local images');
INSERT INTO dbo.static_texts (id, language_id, value) VALUES ('use_local_files',2,'Use local files');
INSERT INTO dbo.static_texts (id, language_id, value) VALUES ('used',2,'Used');
INSERT INTO dbo.static_texts (id, language_id, value) VALUES ('user_name',2,'Username');
INSERT INTO dbo.static_texts (id, language_id, value) VALUES ('value_added_tax',2,'Value added tax');
INSERT INTO dbo.static_texts (id, language_id, value) VALUES ('value_added_tax_rates',2,'Value added tax rate');
INSERT INTO dbo.static_texts (id, language_id, value) VALUES ('variant_image_filename',2,'Variant image filename');
INSERT INTO dbo.static_texts (id, language_id, value) VALUES ('vat_code',2,'VAT-code');
INSERT INTO dbo.static_texts (id, language_id, value) VALUES ('vat_code_domestic',2,'Domestic');
INSERT INTO dbo.static_texts (id, language_id, value) VALUES ('vat_code_eu',2,'EU');
INSERT INTO dbo.static_texts (id, language_id, value) VALUES ('vat_code_export',2,'Export');
INSERT INTO dbo.static_texts (id, language_id, value) VALUES ('vat_number',2,'VAT-number');
INSERT INTO dbo.static_texts (id, language_id, value) VALUES ('version',2,'Version');
INSERT INTO dbo.static_texts (id, language_id, value) VALUES ('view',2,'View');
INSERT INTO dbo.static_texts (id, language_id, value) VALUES ('want_newsletter',2,'Wants newsletter');
INSERT INTO dbo.static_texts (id, language_id, value) VALUES ('web_address',2,'Web address');
INSERT INTO dbo.static_texts (id, language_id, value) VALUES ('week',2,'Week');
INSERT INTO dbo.static_texts (id, language_id, value) VALUES ('year',2,'Year');
INSERT INTO dbo.static_texts (id, language_id, value) VALUES ('your',2,'Your');

/* STATIC PAGES */
SET IDENTITY_INSERT dbo.static_pages ON;
INSERT INTO dbo.static_pages (id, connected_to_page, meta_robots) VALUES (1,1,'index, follow');
INSERT INTO dbo.static_pages (id, connected_to_page, meta_robots) VALUES (2,2,'noindex, follow');
INSERT INTO dbo.static_pages (id, connected_to_page, meta_robots) VALUES (3,3,'noindex, follow');
INSERT INTO dbo.static_pages (id, connected_to_page, meta_robots) VALUES (4,4,'noindex, follow');
INSERT INTO dbo.static_pages (id, connected_to_page, meta_robots) VALUES (5,5,'noindex, follow');
INSERT INTO dbo.static_pages (id, connected_to_page, meta_robots) VALUES (6,0,'noindex, follow');
SET IDENTITY_INSERT dbo.static_pages OFF;
INSERT INTO dbo.static_pages_detail (static_page_id, language_id, link_name, title, main_content, meta_description, meta_keywords, page_name, inactive) VALUES (1,1,'Startsidan','Välkommen till a-webshop.se','Det här är a-webshop.se, en e-handelsplattform med ett administrationsgränssnitt och en fullt anpassningsbar design.','Det här är a-webshop.se, en e-handelsplattform med ett administrationsgränssnitt och en fullt anpassningsbar design.','start, hem','default',0);
INSERT INTO dbo.static_pages_detail (static_page_id, language_id, link_name, title, main_content, meta_description, meta_keywords, page_name, inactive) VALUES (2,1,'Köpvillkor','Köp- och leveransvillkor','Här hittar du våra köpvillkor och leveransvillkor.<br /><br /><i>Senast ändrad: 2014-03-21</i>','Här hittar du våra köpvillkor och leveransvillkor.','köpvillkor, leveransvillkor','kopvillkor',0);
INSERT INTO dbo.static_pages_detail (static_page_id, language_id, link_name, title, main_content, meta_description, meta_keywords, page_name, inactive) VALUES (3,1,'Generellt fel','Generellt fel','Det har inträffat ett generellt fel på webbplatsen. Kontakta oss gärna så att vi kan åtgärda det här felet.','Det har inträffat ett generellt fel på webbplatsen. Kontakta oss gärna så att vi kan åtgärda det här felet.','generellt fel','error',0);
INSERT INTO dbo.static_pages_detail (static_page_id, language_id, link_name, title, main_content, meta_description, meta_keywords, page_name, inactive) VALUES (4,1,'Otillåten indata','Otillåten indata','Du har har angivit otillåtna tecken i en textruta. Det är inte tillåtet att ange html, scripts eller annan kod i textrutor på den här webbplatsen. Gå tillbaka i webbläsaren för att fortsätta fylla i det formulär som du jobbade med.','Du har har angivit otillåtna tecken i en textruta. Det är inte tillåtet att ange html, scripts eller annan kod i textrutor på den här webbplatsen.','otillåten indata','ogiltig-indata',0);
INSERT INTO dbo.static_pages_detail (static_page_id, language_id, link_name, title, main_content, meta_description, meta_keywords, page_name, inactive) VALUES (5,1,'404','Sidan hittades inte (404)','Den sida som du försökte nå kunde inte hittas.','Den sida som du försökte nå kunde inte hittas.','404','404',0);
INSERT INTO dbo.static_pages_detail (static_page_id, language_id, link_name, title, main_content, meta_description, meta_keywords, page_name, inactive) VALUES (6,1,'Sekretess','Sekretess','Allmän beskrivning av sekretesspolicyn.','Allmän beskrivning av sekretesspolicyn.','sekretess','sekretess',0);
INSERT INTO dbo.static_pages_detail (static_page_id, language_id, link_name, title, main_content, meta_description, meta_keywords, page_name, inactive) VALUES (1,2,'Startpage','Welcome to a-webshop.com','This is a-webshop.com, an e-commerce platform with an administration interface and a fully customizable design.','This is a-webshop.com, an e-commerce platform with an administration interface and a fully customizable design.','start, home','default',0);
INSERT INTO dbo.static_pages_detail (static_page_id, language_id, link_name, title, main_content, meta_description, meta_keywords, page_name, inactive) VALUES (2,2,'Terms Of Purchase','Terms Of Purchase and Delivery ','This is our Terms and Conditions.<br /><br /><i>Last modified: 2014-03-21</i>','This is our Terms and Conditions.','terms, purchase, delivery','terms-and-conditions',0);
INSERT INTO dbo.static_pages_detail (static_page_id, language_id, link_name, title, main_content, meta_description, meta_keywords, page_name, inactive) VALUES (3,2,'General error','General error','There has been a general error on the site. Please contact us so we can fix this error.','There has been a general error on the site. Please contact us so we can fix this error.','general error','error',0);
INSERT INTO dbo.static_pages_detail (static_page_id, language_id, link_name, title, main_content, meta_description, meta_keywords, page_name, inactive) VALUES (4,2,'Invalid input','Invalid input','You have entered invalid characters in a textbox. It is not allowed to enter html, scripts or other code in the textboxes on this site. Go back in your browser to continue filling out the form you were working on.','You have entered invalid characters in a textbox. It is not allowed to enter html, scripts or other code in the textboxes on this site.','invalid input','invalid-input',0);
INSERT INTO dbo.static_pages_detail (static_page_id, language_id, link_name, title, main_content, meta_description, meta_keywords, page_name, inactive) VALUES (5,2,'404','Page not found (404)','The page that you were trying to reach could not be found.','The page that you were trying to reach could not be found.','404','404',0);
INSERT INTO dbo.static_pages_detail (static_page_id, language_id, link_name, title, main_content, meta_description, meta_keywords, page_name, inactive) VALUES (6,2,'Privacy Policy','Privacy Policy','General description of the privacy policy.','General description of the privacy policy.','privacy policy','privacy-policy',0);

/* EXCECUTE THE TRANSACTION */
COMMIT;
